{
  "homography": [
    [
      0.33691844187160286,
      -0.1876221228279873,
      367.15018517229765
    ],
    [
      0.0022743265604742175,
      -0.02995653162558113,
      446.4929128547301
    ],
    [
      -1.7028027017026875e-06,
      -0.00017299495452816733,
      0.9999999999999999
    ]
  ],
  "court_points": [
    [
      695.74140625,
      1534.6257812499998
    ],
    [
      1621.1773437499999,
      1507.99453125
    ],
    [
      1727.70234375,
      1521.3101562499999
    ],
    [
      2519.9820312499996,
      1521.3101562499999
    ],
    [
      2616.5203125,
      1534.6257812499998
    ],
    [
      3538.62734375,
      1507.99453125
    ],
    [
      1631.1640625,
      2699.74296875
    ],
    [
      1727.70234375,
      2713.05859375
    ],
    [
      2506.66640625,
      2713.05859375
    ],
    [
      2616.5203125,
      2713.05859375
    ],
    [
      2117.184375,
      3671.78359375
    ],
    [
      2117.184375,
      3075.9093749999997
    ],
    [
      2117.184375,
      2713.05859375
    ],
    [
      2117.184375,
      2333.56328125
    ],
    [
      2107.19765625,
      1521.3101562499999
    ]
  ],
  "video_points": [
    [
      475.5,
      547.5
    ],
    [
      855.0,
      550.5
    ],
    [
      913.5,
      553.5
    ],
    [
      1254.0,
      553.5
    ],
    [
      1315.5,
      556.5
    ],
    [
      1695.0,
      550.5
    ],
    [
      774.0,
      696.0
    ],
    [
      849.0,
      699.0
    ],
    [
      1318.5,
      699.0
    ],
    [
      1390.5,
      696.0
    ],
    [
      1083.0,
      945.0
    ],
    [
      1086.0,
      774.0
    ],
    [
      1083.0,
      702.0
    ],
    [
      1086.0,
      643.5
    ],
    [
      1089.0,
      553.5
    ]
  ],
  "timestamp": "2025-12-10T13:05:31.900690",
  "num_points": 15,
  "inliers": 7,
  "outliers": 8,
  "video_frame": 100
}