{
  "homography": [
    [
      0.28268686739209686,
      -0.1826685523185459,
      425.02798661246396
    ],
    [
      -0.009196064450871034,
      -0.037483346291571774,
      465.17927197378805
    ],
    [
      -1.873663754596165e-05,
      -0.00017306144883715883,
      1.0
    ]
  ],
  "court_points": [
    [
      682.42578125,
      1507.99453125
    ],
    [
      1621.1773437499999,
      1521.3101562499999
    ],
    [
      1727.70234375,
      1534.6257812499998
    ],
    [
      2506.66640625,
      1521.3101562499999
    ],
    [
      2629.8359375,
      1521.3101562499999
    ],
    [
      3551.9429687499996,
      1507.99453125
    ],
    [
      1621.1773437499999,
      2699.74296875
    ],
    [
      1727.70234375,
      2699.74296875
    ],
    [
      2506.66640625,
      2713.05859375
    ],
    [
      2616.5203125,
      2713.05859375
    ],
    [
      2117.184375,
      3065.92265625
    ],
    [
      2117.184375,
      3658.4679687499997
    ],
    [
      2130.5,
      2713.05859375
    ],
    [
      2117.184375,
      2333.56328125
    ],
    [
      2143.8156249999997,
      1521.3101562499999
    ]
  ],
  "video_points": [
    [
      472.5,
      553.5
    ],
    [
      858.0,
      553.5
    ],
    [
      907.5,
      559.5
    ],
    [
      1254.0,
      559.5
    ],
    [
      1312.5,
      556.5
    ],
    [
      1695.0,
      553.5
    ],
    [
      774.0,
      696.0
    ],
    [
      852.0,
      702.0
    ],
    [
      1318.5,
      705.0
    ],
    [
      1390.5,
      702.0
    ],
    [
      1086.0,
      777.0
    ],
    [
      1086.0,
      942.0
    ],
    [
      1086.0,
      705.0
    ],
    [
      1083.0,
      648.0
    ],
    [
      1080.0,
      559.5
    ]
  ],
  "timestamp": "2025-12-02T18:53:32.427452",
  "num_points": 15,
  "inliers": 8,
  "outliers": 7,
  "video_frame": 100
}