{
  "homography": [
    [
      0.6570091553185761,
      -0.3673565649069572,
      755.1549527158257
    ],
    [
      0.0026218826556568694,
      -0.0533522282660237,
      896.086084443198
    ],
    [
      -4.418318718891372e-06,
      -0.00016868504040651645,
      0.9999999999999999
    ]
  ],
  "court_points": [
    [
      699.0703125,
      1524.6390625
    ],
    [
      1624.50625,
      1524.6390625
    ],
    [
      1751.0046874999998,
      1534.6257812499998
    ],
    [
      2513.32421875,
      1534.6257812499998
    ],
    [
      2626.5070312499997,
      1534.6257812499998
    ],
    [
      3551.9429687499996,
      1511.3234375
    ],
    [
      1624.50625,
      2689.75625
    ],
    [
      1737.6890624999999,
      2703.0718749999996
    ],
    [
      2500.00859375,
      2689.75625
    ],
    [
      2616.5203125,
      2703.0718749999996
    ],
    [
      2130.5,
      2333.56328125
    ],
    [
      2130.5,
      2703.0718749999996
    ],
    [
      2130.5,
      3059.2648437499997
    ],
    [
      2130.5,
      3671.78359375
    ],
    [
      2107.19765625,
      1534.6257812499998
    ]
  ],
  "video_points": [
    [
      933.0,
      1113.0
    ],
    [
      1716.0,
      1113.0
    ],
    [
      1824.0,
      1125.0
    ],
    [
      2517.0,
      1125.0
    ],
    [
      2628.0,
      1125.0
    ],
    [
      3429.0,
      1110.0
    ],
    [
      1548.0,
      1404.0
    ],
    [
      1701.0,
      1401.0
    ],
    [
      2643.0,
      1410.0
    ],
    [
      2793.0,
      1404.0
    ],
    [
      2175.0,
      1305.0
    ],
    [
      2172.0,
      1416.0
    ],
    [
      2172.0,
      1554.0
    ],
    [
      2172.0,
      1902.0
    ],
    [
      2172.0,
      1125.0
    ]
  ],
  "timestamp": "2025-12-01T11:16:36.799765",
  "num_points": 15,
  "inliers": 7,
  "outliers": 8,
  "video_frame": 100
}